N665 N224 N34,0
N654 N262 N304,0
N91 N84 N271,0
N128 N443 N113,0
N525 N636 N435,0
N424 N664 N190,0
N27 N544 N7,0
N603 N642 N2,0
N12 N636 N450,0
N581 N228 N158,0
N575 N544 N398,0
N129 N70 N219,0
N136 N293 N662,5635.483020000001
N503 N636 N607,0
N355 N348 N313,0
N390 N587 N32,0
N127 N588 N50,0
N288 N64 N313,0
N112 N443 N7,0
N455 N331 N158,0
N512 N138 N57,0
N44 N281 N367,0
N500 N236 N50,5655.02337
N614 N430 N662,0
N211 N236 N34,0
N202 N389 N129,0
N455 N443 N188,0
N288 N120 N367,0
N259 N45 N662,0
N580 N543 N601,0
N445 N443 N282,0
N539 N26 N219,0
N564 N138 N218,0
N689 N626 N367,0
N44 N70 N129,0
N255 N178 N32,0
N614 N443 N267,0
N710 N655 N267,0
N618 N262 N2,0
N689 N228 N113,0
N614 N362 N310,0
N524 N78 N520,0
N424 N329 N109,0
N561 N672 N113,0
N29 N426 N662,0
N317 N543 N3,0
N276 N84 N313,0
N581 N228 N190,0
N616 N578 N367,0
N317 N636 N188,0
N62 N189 N607,0
N42 N262 N267,0
N460 N462 N50,0
N551 N191 N435,0
N624 N664 N600,0
N201 N530 N188,0
N614 N352 N307,0
N623 N228 N50,0
N614 N45 N188,0
N335 N655 N435,0
N193 N228 N398,0
N112 N587 N662,0
N551 N293 N57,0
N90 N45 N188,0
N12 N84 N708,5500.2374500000005
N424 N664 N238,0
N387 N443 N2,0
N539 N664 N515,0
N557 N236 N607,5874.005730000001
N193 N372 N662,0
N390 N84 N184,0
N376 N262 N662,0
N44 N178 N190,0
N202 N617 N313,0
N276 N64 N218,0
N513 N138 N218,0
N87 N629 N190,0
N399 N352 N129,0
N112 N236 N307,0
N194 N293 N50,0
N654 N236 N7,5818.39902
N90 N578 N218,0
N257 N84 N607,0
N503 N84 N190,0
N62 N372 N3,0
N210 N281 N7,0
N62 N236 N307,0
N42 N626 N346,0
N665 N141 N304,0
N223 N443 N7,0
N282 N372 N267,0
N557 N228 N313,0
N689 N69 N662,0
N4 N281 N109,0
N200 N78 N271,0
N201 N149 N218,0
N355 N70 N367,0
N263 N443 N190,0
N44 N372 N184,0
N128 N189 N168,0
N200 N443 N662,6689.24279
N390 N69 N219,0
N174 N629 N238,0
N91 N212 N50,0
N455 N236 N662,6950.941110000001
N603 N84 N113,0
N87 N578 N184,0
N200 N236 N32,0
N174 N178 N267,0
N557 N443 N367,6892.64349
N342 N443 N271,0
N259 N430 N218,0
N513 N664 N600,0
N503 N578 N367,0
N263 N545 N50,0
N335 N84 N515,0
N193 N588 N313,0
N390 N236 N600,0
N255 N362 N267,0
N330 N530 N218,0
N202 N543 N129,0
N623 N236 N307,0
N202 N84 N218,0
N112 N545 N184,0
N87 N236 N113,0
N223 N69 N367,0
N1 N350 N466,0
N551 N224 N3,0
N564 N64 N57,0
N335 N78 N156,0
N257 N545 N313,0
N561 N224 N601,0
N561 N348 N271,0
N91 N370 N218,0
N689 N587 N109,0
N355 N262 N267,0
N525 N262 N2,0
N614 N372 N57,0
N631 N635 N188,0
N365 N35 N601,0
N376 N664 N129,0
N201 N78 N3,0
N718 N293 N34,0
N335 N587 N267,0
N424 N64 N2,0
N376 N637 N238,0
N500 N236 N237,0
N44 N544 N218,0
N424 N637 N515,0
N127 N236 N93,0
N317 N664 N93,0
N631 N262 N367,0
N718 N530 N313,0
N512 N326 N367,0
N27 N588 N607,0
N355 N236 N398,0
N689 N64 N662,0
N581 N617 N57,0
N500 N224 N601,0
N718 N236 N435,0
N513 N352 N32,0
N288 N352 N184,0
N17 N120 N219,0
N174 N189 N184,0
N259 N120 N307,0
N12 N70 N282,0
N654 N64 N271,0
N603 N293 N367,0
N624 N543 N461,0
N561 N626 N388,0
N445 N120 N346,0
N512 N149 N219,0
N718 N664 N218,0
N91 N84 N129,6030.62235
N257 N636 N313,0
N614 N236 N435,5946.84202
N551 N443 N93,0
N551 N175 N662,0
N1 N212 N514,0
N618 N443 N190,0
N27 N262 N32,0
N136 N370 N237,0
N129 N70 N129,0
N460 N672 N367,0
N614 N217 N388,0
N223 N35 N50,0
N618 N189 N50,0
N342 N84 N708,0
N1 N199 N607,0
N62 N64 N708,0
N445 N281 N461,0
N470 N78 N367,0
N355 N578 N271,0
N112 N637 N515,0
N524 N293 N50,0
N12 N617 N600,0
N618 N191 N168,0
N718 N262 N367,0
N4 N189 N367,0
N564 N111 N450,0
N201 N543 N32,0
N614 N69 N32,0
N276 N191 N7,0
N44 N45 N313,0
N62 N647 N662,0
N129 N545 N2,0
N194 N664 N601,0
N100 N443 N367,6356.1995799999995
N557 N443 N218,0
N342 N664 N129,0
N302 N178 N238,0
N512 N362 N367,0
N460 N655 N7,0
N547 N443 N184,0
N200 N664 N129,0
N91 N588 N190,0
N581 N629 N662,0
N689 N443 N515,0
N276 N212 N450,0
N500 N545 N129,0
N202 N199 N450,0
N688 N443 N313,0
N335 N636 N282,0
N342 N138 N34,0
N689 N545 N109,0
N470 N84 N93,0
N549 N64 N307,0
N201 N191 N2,0
N512 N70 N57,0
N288 N212 N307,0
N12 N372 N398,0
N503 N647 N601,0
N513 N261 N129,0
N255 N236 N435,5886.01235
N90 N545 N57,0
N718 N191 N184,0
N564 N443 N57,6229.17307
N129 N224 N607,0
N689 N443 N218,0
N29 N120 N218,0
N618 N138 N3,0
N445 N352 N184,0
N616 N626 N129,0
N547 N647 N267,0
N616 N587 N520,0
N210 N111 N367,0
N614 N69 N267,0
N317 N120 N367,0
N512 N293 N662,5573.8164
N288 N412 N190,0
N288 N131 N57,0
N335 N368 N129,0
N513 N426 N190,0
N4 N64 N310,0
N259 N293 N282,0
N654 N647 N313,0
N575 N543 N282,0
N355 N261 N218,0
N276 N352 N129,0
N616 N443 N218,0
N513 N70 N168,0
N538 N443 N218,0
N581 N64 N461,0
N90 N443 N158,0
N575 N617 N435,0
N91 N586 N514,0
N127 N329 N57,0
N525 N372 N515,0
N564 N672 N662,0
N4 N352 N271,0
N335 N443 N3,0
N12 N642 N627,0
N200 N664 N310,0
N194 N191 N50,0
N376 N588 N219,0
N524 N212 N109,0
N624 N191 N313,0
N129 N629 N520,0
N292 N224 N57,6073.531559999999
N259 N45 N359,0
N29 N587 N271,0
N29 N78 N466,0
N470 N236 N607,5540.38996
N288 N368 N129,0
N551 N642 N237,0
N42 N443 N662,6589.96991
N194 N236 N267,0
N136 N236 N466,0
N355 N261 N600,0
N303 N236 N188,0
N62 N443 N188,0
N202 N84 N627,0
N259 N189 N32,0
N202 N84 N450,0
N390 N587 N271,0
N194 N293 N304,0
N44 N166 N218,0
N90 N372 N129,0
N91 N443 N520,0
N564 N262 N662,0
N282 N331 N313,0
N202 N281 N607,0
N42 N578 N188,0
N42 N224 N113,0
N603 N69 N601,0
N513 N368 N218,0
N292 N588 N313,0
N276 N189 N190,0
N330 N236 N662,7156.6055
N512 N64 N188,0
N460 N236 N32,0
N616 N236 N708,0
N575 N236 N129,6077.821314
N288 N362 N367,0
N91 N443 N129,5589.462670000001
N127 N352 N50,0
N689 N545 N393,0
N603 N588 N158,0
N62 N262 N238,0
N1 N199 N367,0
N387 N443 N562,0
N460 N462 N367,0
N503 N70 N450,0
N129 N293 N237,0
N603 N236 N367,6513.351640000001
N12 N331 N313,0
N524 N281 N434,0
N259 N629 N7,0
N390 N199 N367,0
N665 N647 N601,0
N390 N212 N113,0
N129 N586 N367,0
N503 N578 N190,0
N201 N212 N50,0
N27 N212 N367,0
N201 N45 N313,0
N525 N637 N267,0
N539 N545 N520,0
N460 N664 N34,0
N575 N636 N57,0
N618 N626 N450,0
N376 N138 N662,0
N302 N178 N461,0
N551 N209 N600,0
N194 N236 N515,0
N27 N120 N7,0
N689 N69 N156,0
N211 N293 N305,0
N257 N149 N367,0
N129 N111 N237,0
N127 N430 N218,0
N603 N655 N184,0
N455 N636 N237,0
N62 N293 N2,0
N255 N84 N388,5526.943615999999
N623 N636 N50,0
N575 N261 N2,0
N512 N637 N515,0
N317 N228 N708,0
N365 N228 N2,0
N210 N636 N607,0
N335 N228 N237,0
N276 N84 N168,0
N112 N293 N190,0
N302 N545 N218,0
N654 N236 N367,7272.420760000001
N557 N543 N313,0
N257 N331 N129,0
N200 N224 N307,0
N688 N262 N466,0
N174 N715 N601,0
N665 N236 N514,5793.06014
N193 N140 N450,0
N136 N443 N304,0
N445 N189 N398,0
N207 N84 N515,0
N27 N293 N50,0
N174 N331 N367,0
N194 N637 N607,0
N136 N578 N168,0
N263 N209 N2,0
N503 N178 N601,0
N539 N149 N237,0
N90 N111 N32,0
N303 N655 N313,0
N355 N224 N109,0
N460 N69 N2,0
N564 N655 N129,0
N200 N236 N461,0
N618 N715 N158,0
N12 N293 N708,0
N62 N655 N168,0
N302 N262 N662,0
N1 N462 N367,0
N355 N715 N435,0
N255 N236 N607,6380.90634
N257 N348 N57,0
N580 N236 N2,0
N522 N35 N310,0
N42 N70 N367,0
N12 N261 N238,0
N470 N443 N514,0
N710 N64 N359,0
N153 N412 N158,0
N547 N543 N367,0
N561 N78 N7,0
N193 N281 N601,0
N13 N637 N184,0
N200 N352 N662,0
N136 N348 N662,0
N27 N443 N359,0
N200 N140 N218,0
N223 N262 N190,0
N665 N35 N113,0
N355 N443 N708,0
N623 N236 N313,5771.730399999999
N524 N236 N600,0
N27 N175 N662,0
N29 N636 N310,0
N522 N261 N113,0
N42 N120 N461,0
N503 N262 N34,0
N4 N352 N50,0
N580 N545 N188,0
N282 N261 N313,0
N409 N84 N367,6063.791190000001
N557 N45 N310,0
N376 N664 N662,0
N223 N647 N307,0
N42 N412 N367,0
N581 N69 N267,0
N223 N443 N237,0
N342 N462 N188,0
N455 N293 N109,0
N90 N191 N50,0
N513 N412 N156,0
N618 N228 N188,0
N211 N138 N50,0
N665 N545 N188,0
N557 N189 N662,0
N448 N236 N310,0
N128 N84 N156,0
N288 N138 N307,0
N282 N372 N57,0
N127 N655 N367,0
N202 N578 N627,0
N551 N236 N129,5819.667799999999
N153 N655 N649,0
N330 N45 N34,0
N255 N443 N371,0
N616 N629 N313,0
N525 N629 N466,0
N387 N45 N607,0
N200 N348 N708,0
N127 N543 N313,0
N561 N236 N466,0
N557 N45 N359,0
N710 N178 N129,0
N129 N111 N601,0
N539 N189 N359,0
N136 N331 N129,0
N44 N374 N57,0
N631 N224 N601,0
N460 N78 N219,0
N342 N224 N129,0
N424 N372 N158,0
N376 N443 N237,0
N259 N372 N367,0
N399 N138 N450,0
N512 N430 N662,0
N464 N64 N238,0
N62 N84 N2,0
N127 N655 N450,0
N365 N212 N359,0
N87 N362 N129,0
N551 N224 N168,0
N503 N178 N218,0
N259 N35 N237,0
N654 N293 N562,0
N665 N140 N219,0
N564 N45 N515,0
N564 N189 N218,0
N581 N655 N600,0
N603 N45 N168,0
N4 N224 N34,0
N136 N672 N367,0
N257 N236 N359,0
N614 N664 N601,0
N689 N78 N607,0
N288 N636 N346,0
N200 N228 N267,0
N561 N84 N304,0
N460 N545 N601,0
N618 N78 N7,0
N549 N443 N313,5789.77714
N525 N543 N662,0
N575 N655 N237,0
N202 N636 N388,0
N614 N84 N7,6154.91012
N342 N45 N649,0
N551 N84 N359,0
N128 N64 N461,0
N665 N443 N188,5718.19262
N62 N189 N271,0
N62 N209 N129,0
N288 N636 N461,0
N445 N544 N600,0
N17 N348 N7,0
N718 N84 N129,0
N282 N647 N2,0
N330 N443 N190,0
N538 N64 N7,0
N4 N626 N109,0
N522 N617 N7,0
N665 N587 N267,0
N603 N545 N50,0
N460 N587 N32,0
N564 N224 N271,0
N174 N329 N219,0
N128 N191 N346,0
N665 N45 N271,0
N136 N261 N304,0
N42 N672 N367,0
N614 N635 N7,0
N317 N578 N313,0
N597 N262 N3,0
N551 N664 N607,0
N1 N131 N129,0
N376 N443 N307,0
N500 N293 N310,0
N513 N236 N307,0
N128 N45 N514,0
N624 N140 N34,0
N128 N587 N601,0
N201 N78 N50,0
N4 N412 N367,0
N525 N120 N168,0
N112 N236 N267,0
N282 N587 N57,0
N193 N191 N662,0
N112 N84 N450,0
N17 N45 N313,0
N200 N412 N514,0
N522 N427 N188,0
N4 N655 N662,0
N561 N293 N3,0
N202 N178 N607,0
N342 N262 N184,0
N424 N84 N158,0
N129 N199 N158,0
N547 N131 N367,0
N282 N189 N515,0
N42 N138 N346,0
N112 N412 N367,0
N200 N545 N218,0
N424 N261 N7,0
N420 N64 N662,0
N614 N443 N562,0
N4 N352 N607,0
N27 N111 N57,0
N525 N64 N7,0
N365 N530 N34,0
N223 N262 N57,0
N524 N69 N601,0
N549 N45 N359,0
N282 N635 N34,0
N200 N224 N450,0
N42 N236 N367,7066.59391
N292 N261 N7,0
N303 N642 N237,0
N557 N64 N34,0
N524 N545 N371,0
N399 N389 N367,0
N87 N629 N168,0
N90 N642 N466,0
N193 N224 N93,0
N1 N224 N708,0
N603 N178 N435,0
N255 N236 N313,6380.03791
N1 N26 N371,0
N201 N69 N219,0
N549 N587 N218,0
N136 N368 N7,0
N424 N45 N282,0
N524 N189 N32,0
N689 N617 N168,0
N17 N261 N304,0
N399 N224 N218,0
N129 N138 N7,0
N259 N647 N607,0
N335 N35 N188,0
N503 N637 N158,0
N399 N545 N93,0
N464 N236 N7,5770.4424
N27 N84 N304,0
N424 N370 N271,0
N200 N587 N156,0
N631 N637 N158,0
N4 N348 N57,0
N355 N586 N435,0
N259 N629 N50,0
N718 N45 N304,0
N597 N362 N367,0
N355 N149 N346,0
N464 N352 N514,0
N136 N131 N367,0
N525 N69 N3,0
N127 N228 N219,0
N136 N430 N129,0
N710 N655 N466,0
N303 N372 N219,0
N420 N262 N371,0
N194 N443 N514,0
N688 N372 N607,0
N631 N178 N310,0
N44 N430 N367,0
N614 N224 N708,0
N257 N370 N57,0
N460 N224 N2,0
N376 N544 N158,0
N524 N443 N313,5541.17551
N524 N578 N708,0
N551 N617 N662,0
N330 N637 N708,0
N42 N236 N267,0
N614 N462 N34,0
N282 N189 N466,0
N194 N443 N113,0
N614 N209 N398,0
N538 N293 N313,0
N100 N655 N435,0
N12 N530 N367,0
N561 N331 N129,0
N112 N636 N607,0
N460 N370 N129,0
N112 N637 N129,0
N399 N672 N267,0
N455 N617 N359,0
N614 N69 N184,0
N174 N189 N7,0
N330 N412 N57,0
N194 N224 N282,0
N12 N84 N109,0
N174 N84 N708,0
N464 N262 N520,0
N302 N664 N601,0
N200 N138 N601,0
N503 N629 N367,0
N376 N191 N34,0
N127 N635 N129,0
N665 N141 N282,0
N200 N189 N113,0
N202 N120 N218,0
N618 N26 N367,0
N62 N64 N50,0
N100 N236 N367,6857.21991
N614 N578 N515,0
N614 N189 N129,0
N503 N637 N313,0
N330 N293 N50,0
N317 N236 N466,0
N581 N78 N367,0
N42 N78 N607,0
N42 N636 N237,0
N525 N545 N34,0
N557 N647 N190,0
N424 N149 N313,0
N201 N352 N129,0
N470 N191 N129,0
N409 N326 N129,0
N616 N545 N2,0
N210 N228 N466,0
N547 N412 N129,0
N387 N262 N600,0
N4 N236 N50,6228.88345
N44 N69 N601,0
N618 N224 N359,0
N335 N348 N219,0
N4 N672 N313,0
N202 N111 N649,0
N618 N655 N237,0
N654 N664 N3,0
N561 N84 N168,0
N223 N370 N367,0
N263 N236 N7,5860.80304
N194 N84 N515,0
N561 N84 N93,0
N654 N191 N601,0
N201 N261 N190,0
N202 N45 N520,0
N549 N199 N7,0
N654 N228 N282,0
N614 N84 N461,0
N614 N664 N313,0
N503 N655 N218,0
N288 N236 N219,0
N551 N236 N305,0
N603 N430 N188,0
N87 N228 N271,0
N503 N672 N129,0
N689 N588 N50,0
N223 N431 N113,0
N210 N348 N190,0
N549 N664 N627,0
N91 N352 N662,0
N665 N120 N188,0
N618 N141 N2,0
N335 N45 N600,0
N42 N45 N129,0
N503 N35 N346,0
N223 N664 N450,0
N223 N111 N697,0
N581 N350 N188,0
N503 N443 N461,0
N91 N664 N398,0
N614 N64 N57,0
N255 N224 N466,0
N624 N45 N600,0
N87 N462 N188,0
N200 N199 N359,0
N665 N412 N466,0
N292 N178 N435,0
N292 N111 N271,0
N399 N224 N109,0
N455 N212 N129,0
N276 N636 N313,0
N580 N443 N113,0
N561 N587 N450,0
N302 N261 N50,0
N12 N111 N307,0
N200 N655 N113,0
N288 N236 N218,0
N538 N293 N282,0
N539 N178 N2,0
N100 N443 N237,0
N390 N293 N310,0
N27 N637 N219,0
N259 N368 N450,0
N665 N293 N7,0
N202 N64 N237,0
N618 N120 N158,0
N503 N655 N398,0
N127 N212 N367,0
N136 N372 N601,0
N62 N131 N129,0
N448 N629 N158,0
N223 N544 N271,0
N513 N84 N367,6365.88184
N201 N236 N168,0
N464 N236 N188,0
N335 N655 N168,0
N513 N261 N367,0
N127 N175 N367,0
N524 N326 N310,0
N13 N45 N367,0
N174 N655 N158,0
N200 N545 N93,0
N62 N64 N113,0
N129 N443 N607,5994.5592
N614 N69 N113,0
N387 N236 N158,0
N44 N636 N188,0
N614 N120 N450,0
N263 N543 N129,0
N288 N64 N282,0
N112 N78 N34,0
N513 N78 N346,0
N524 N587 N267,0
N597 N430 N367,0
N549 N261 N57,0
N547 N261 N219,0
N420 N588 N313,0
N512 N545 N435,0
N399 N664 N7,0
N127 N636 N50,0
N448 N331 N218,0
N29 N141 N50,0
N200 N636 N305,0
N470 N236 N129,5799.64535
N276 N443 N346,0
N1 N543 N156,0
N561 N443 N7,0
N13 N664 N184,0
N153 N626 N34,0
N136 N111 N313,0
N512 N545 N282,0
N200 N228 N282,0
N12 N293 N168,0
N335 N78 N649,0
N200 N84 N466,0
N561 N189 N93,0
N580 N228 N267,0
N44 N629 N57,0
N202 N586 N367,0
N417 N443 N282,0
N561 N175 N359,0
N303 N430 N57,0
N710 N78 N188,0
N288 N664 N601,0
N448 N636 N50,0
N445 N348 N158,0
N128 N84 N57,5607.889799999999
N524 N637 N34,0
N654 N69 N2,0
N409 N412 N367,0
N547 N236 N129,5611.74459
N575 N281 N50,0
N288 N626 N310,0
N581 N45 N367,0
N513 N45 N50,0
N549 N647 N219,0
N207 N443 N662,0
N100 N430 N129,0
N317 N370 N188,0
N718 N149 N129,0
N464 N348 N50,0
N342 N189 N450,0
N302 N664 N601,0
N193 N326 N129,0
N624 N368 N190,0
N4 N224 N367,6436.45486
N581 N430 N662,0
N424 N78 N129,0
N282 N655 N7,0
N263 N362 N158,0
N445 N149 N393,0
N718 N138 N237,0
N4 N636 N238,0
N464 N443 N627,0
N174 N352 N305,0
N624 N293 N367,0
N618 N138 N271,0
N112 N189 N113,0
N210 N715 N158,0
N42 N412 N601,0
N387 N69 N662,0
N303 N352 N237,0
N522 N543 N57,0
N27 N70 N367,0
N513 N647 N129,0
N539 N84 N310,0
N623 N84 N271,0
N257 N224 N310,0
N210 N293 N158,0
N512 N262 N190,0
N201 N587 N50,0
N201 N189 N607,0
N17 N262 N282,0
N292 N35 N282,0
N399 N236 N601,0
N90 N443 N607,0
N616 N224 N168,0
N201 N64 N158,0
N342 N443 N393,0
N399 N191 N359,0
N27 N262 N515,0
N524 N69 N93,0
N603 N586 N218,0
N417 N443 N113,0
N399 N78 N218,0
N44 N588 N57,0
N335 N462 N307,0
N193 N35 N367,0
N207 N352 N359,0
N13 N236 N601,0
N12 N368 N158,0
N513 N189 N307,0
N549 N138 N32,0
N317 N587 N158,0
N13 N189 N129,0
N302 N224 N520,0
N424 N372 N601,0
N665 N443 N307,5724.119608999999
N263 N140 N271,0
N4 N655 N129,0
N193 N293 N219,0
N455 N228 N310,0
N342 N228 N57,0
N424 N212 N129,0
N194 N578 N649,0
N551 N189 N271,0
N399 N637 N310,0
N424 N262 N57,0
N282 N45 N156,0
N500 N331 N662,0
N624 N587 N267,0
N718 N586 N461,0
N255 N212 N662,0
N376 N141 N313,0
N551 N370 N57,0
N330 N69 N708,0
N288 N293 N57,0
N618 N544 N371,0
N342 N78 N50,0
N255 N149 N305,0
N409 N224 N129,0
N551 N84 N282,0
N654 N191 N184,0
N210 N626 N218,0
N614 N189 N313,0
N200 N655 N238,0
N200 N293 N607,0
N654 N293 N238,0
N522 N228 N238,0
N539 N111 N219,0
N200 N224 N466,0
N317 N443 N7,0
N455 N637 N398,0
N455 N443 N158,0
N12 N224 N649,0
N136 N78 N238,0
N282 N543 N662,0
N448 N636 N129,0
N259 N78 N237,0
N564 N236 N304,0
N12 N35 N156,0
N223 N326 N367,0
N288 N352 N398,0
N257 N530 N601,0
N513 N389 N129,0
N424 N637 N662,0
N455 N149 N129,0
N581 N372 N129,0
N618 N443 N57,5884.30591
N624 N637 N607,0
N90 N224 N3,0
N470 N236 N313,5785.70262
N399 N588 N601,0
N524 N228 N600,0
N460 N224 N515,0
N27 N224 N129,0
N420 N637 N267,0
N631 N543 N450,0
N581 N430 N607,0
N91 N178 N607,0
N580 N84 N238,0
N342 N587 N450,0
N17 N293 N2,0
N455 N637 N304,0
N1 N236 N662,7624.93499
N524 N149 N388,0
N201 N372 N219,0
N424 N209 N466,0
N193 N224 N601,0
N464 N362 N607,0
N503 N262 N129,0
N4 N543 N271,0
N564 N84 N282,0
N201 N443 N219,5723.962199999999
N202 N647 N50,0
N665 N543 N190,0
N524 N138 N662,0
N564 N545 N218,0
N112 N629 N218,0
N624 N352 N466,0
N263 N138 N662,0
N522 N191 N2,0
N1 N462 N2,0
N91 N84 N271,0
N91 N228 N435,0
N575 N544 N156,0
N255 N372 N600,0
N127 N261 N307,0
N445 N655 N218,0
N424 N84 N398,0
N547 N443 N129,0
N654 N236 N2,0
N87 N236 N113,0
N580 N261 N346,0
N211 N45 N2,0
N100 N443 N2,0
N1 N69 N129,0
N317 N70 N662,0
N624 N84 N282,0
N303 N281 N514,0
N255 N664 N310,0
N200 N261 N2,0
N689 N626 N662,0
N710 N636 N219,0
N288 N655 N601,0
N136 N138 N218,0
N100 N664 N238,0
N127 N236 N158,0
N597 N647 N50,0
N665 N352 N600,0
N202 N189 N219,0
N399 N64 N7,0
N424 N389 N466,0
N470 N587 N218,0
N513 N412 N93,0
N91 N443 N607,5852.26652
N90 N293 N346,0
N62 N140 N367,0
N551 N236 N93,0
N390 N647 N313,0
N538 N84 N184,0
N263 N329 N310,0
N210 N236 N129,0
N618 N348 N607,0
N460 N647 N129,0
N460 N138 N607,0
